company_name,raw_name,isin,sector,symbol,ticker,tradable
APOLLO HOSPITALS ENTERPRISE LTD,APOLLO HOSPITALS ENTERPRISE LTD. FV-5,INE437A01024,HUMAN HEALTH ACTIVITIES,APOLLOHOSP,APOLLOHOSP.NS,Y
ASIAN PAINTS LTD,ASIAN PAINTS LTD.FV-1,INE021A01026,MANUFACTURE OF CHEMICALS AND CHEMICAL PRODUCTS,ASIANPAINT,ASIANPAINT.NS,Y
AXIS BANK LTD,AXIS BANK LTD.FV-2,INE238A01034,BANKING & FINANCE,AXISBANK,AXISBANK.NS,Y
BAJAJ AUTO LTD,BAJAJ AUTO LTD.,INE917I01010,MANUFACTURE OF OTHER TRANSPORT EQUIPMENT,BAJAJ-AUTO,BAJAJ-AUTO.NS,Y
BAJAJ FINANCE LIMITED,BAJAJ FINANCE LIMITEDFV-2FV-1,INE296A01032,BANKING & FINANCE,BAJFINANCE,BAJFINANCE.NS,Y
BAJAJ FINSERV LIMITED,BAJAJ FINSERV LIMITEDFV-1,INE918I01026,BANKING & FINANCE,BAJAJFINSV,BAJAJFINSV.NS,Y
BHARAT ELECTRONICS LTD,BHARAT ELECTRONICS LTD.FV-1,INE263A01024,"MANUFACTURE OF COMPUTER, ELECTRONIC AND OPTICAL PRODUCTS",BEL,BEL.NS,Y
BHARAT FORGE LTD,BHARAT FORGE LTD.,INE465A01025,"MANUFACTURE OF FABRICATED METAL PRODUCTS, EXCEPT MACHINERY AND EQUIPMENT",BHARATFORG,BHARATFORG.NS,Y
BHARTI AIRTEL LTD,BHARTI AIRTEL LTD.,INE397D01024,TELECOMMUNICATIONS,BHARTIARTL,BHARTIARTL.NS,Y
BRITANNIA INDUSTRIES LTD,BRITANNIA INDUSTRIES LTD_FV2FV-1,INE216A01030,MANUFACTURE OF FOOD PRODUCTS,BRITANNIA,BRITANNIA.NS,Y
COHANCE LIFESCIENCES LIMITED,COHANCE LIFESCIENCES LIMITED,INE03QK01018,"MANUFACTURE OF PHARMACEUTICALS, MEDICINAL CHEMICAL AND BOTANICAL PRODUCTS",COHANCE,COHANCE.NS,Y
DIVIS LABORATORIES LTD,DIVIS LABORATORIES LTD,INE361B01024,"MANUFACTURE OF PHARMACEUTICALS, MEDICINAL CHEMICAL AND BOTANICAL PRODUCTS",DIVISLAB,DIVISLAB.NS,Y
DR. REDDYS LABORATORIES LTD,DR. REDDYS LABORATORIES LTD.FV-1,INE089A01031,"MANUFACTURE OF PHARMACEUTICALS, MEDICINAL CHEMICAL AND BOTANICAL PRODUCTS",DRREDDY,DRREDDY.NS,Y
EICHER MOTORS LTD,EICHER MOTORS LTD.FV-1,INE066A01021,MANUFACTURE OF OTHER TRANSPORT EQUIPMENT,EICHERMOT,EICHERMOT.NS,Y
ETERNAL LIMITED,ETERNAL LIMITED,INE758T01015,INFORMATION SERVICE ACTIVITIES,ETERNAL,ETERNAL.NS,Y
GRANULES INDIA LTD,GRANULES INDIA LTD.,INE101D01020,"MANUFACTURE OF PHARMACEUTICALS, MEDICINAL CHEMICAL AND BOTANICAL PRODUCTS",GRANULES,GRANULES.NS,Y
GRASIM INDUSTRIES LTD,GRASIM INDUSTRIES LTD.FV-2,INE047A01021,MANUFACTURE OF CHEMICALS AND CHEMICAL PRODUCTS,GRASIM,GRASIM.NS,Y
HCL TECHNOLOGIES LTD,HCL TECHNOLOGIES LTD.,INE860A01027,"COMPUTER PROGRAMMING, CONSULTANCY AND RELATED ACTIVITIES",HCLTECH,HCLTECH.NS,Y
HDFC BANK LTD,HDFC BANK LTD.FV-2FV-1,INE040A01034,BANKING & FINANCE,HDFCBANK,HDFCBANK.NS,Y
HDFC LIFE INSURANCE COMPANY LIMITED,HDFC LIFE INSURANCE COMPANY LIMITED,INE795G01014,BANKING & FINANCE,HDFCLIFE,HDFCLIFE.NS,Y
HINDALCO INDUSTRIES LTD,HINDALCO INDUSTRIES LTD.,INE038A01020,MANUFACTURE OF BASIC METALS,HINDALCO,HINDALCO.NS,Y
HINDUSTAN AERONAUTICS LTD FV 5,HINDUSTAN AERONAUTICS LTD FV 5,INE066F01020,MANUFACTURE OF OTHER TRANSPORT EQUIPMENT,HAL,HAL.NS,Y
HINDUSTAN UNILEVER LTD,HINDUSTAN UNILEVER LTD.,INE030A01027,MANUFACTURE OF CHEMICALS AND CHEMICAL PRODUCTS,HINDUNILVR,HINDUNILVR.NS,Y
ICICI BANK LTD,ICICI BANK LTD.FV-2,INE090A01021,BANKING & FINANCE,ICICIBANK,ICICIBANK.NS,Y
INFOSYS LIMITED,INFOSYS LIMITED,INE009A01021,"COMPUTER PROGRAMMING, CONSULTANCY AND RELATED ACTIVITIES",INFY,INFY.NS,Y
INTERGLOBE AVIATION LIMITED,INTERGLOBE AVIATION LIMITED,INE646L01027,AIR TRANSPORT,INDIGO,INDIGO.NS,Y
ITC LTD,ITC LTD.,INE154A01025,Manufacture of tobacco products,ITC,ITC.NS,Y
KARNATAKA BANK LIMITED,KARNATAKA BANK LIMITED,INE614B01018,BANKING & FINANCE,KTKBANK,KTKBANK.NS,Y
KEYSTONE REALTORS LIMITED,KEYSTONE REALTORS LIMITED,INE263M01029,CONSTRUCTION OF BUILDINGS,RUSTOMJEE,RUSTOMJEE.NS,Y
KOTAK MAHINDRA BANK LTD,KOTAK MAHINDRA BANK LTD. FV-1,INE237A01036,BANKING & FINANCE,KOTAKBANK,KOTAKBANK.NS,Y
LARSEN & TOUBRO LTD,LARSEN & TOUBRO LTD.,INE018A01030,CIVIL ENGINEERING,LT,LT.NS,Y
MAHINDRA & MAHINDRA LTD,MAHINDRA & MAHINDRA LTD.FV-5,INE101A01026,"MANUFACTURE OF MOTOR VEHICLES, TRAILERS AND SEMI-TRAILERS",M&M,M&M.NS,Y
MARUTI SUZUKI INDIA LTD,MARUTI SUZUKI INDIA LTD,INE585B01010,"MANUFACTURE OF MOTOR VEHICLES, TRAILERS AND SEMI-TRAILERS",MARUTI,MARUTI.NS,Y
MAX HEALTHCARE INSTITUTE LIMITED,MAX HEALTHCARE INSTITUTE LIMITED,INE027H01010,HUMAN HEALTH ACTIVITIES,MAXHEALTH,MAXHEALTH.NS,Y
MINDA CORPORATION LIMITED,MINDA CORPORATION LIMITED,INE842C01021,"MANUFACTURE OF FABRICATED METAL PRODUCTS, EXCEPT MACHINERY AND EQUIPMENT",MINDACORP,MINDACORP.NS,Y
NESTLE INDIA LTD,NESTLE INDIA LTD.FV-1,INE239A01024,MANUFACTURE OF FOOD PRODUCTS,NESTLEIND,NESTLEIND.NS,Y
NTPC LIMITED,NTPC LIMITED,INE733E01010,"ELECTRICITY, GAS, STEAM AND AIR CONDITIONING SUPPLY",NTPC,NTPC.NS,Y
OIL & NATURAL GAS CORPORATION LTD,OIL & NATURAL GAS CORPORATION LTD.FV-5,INE213A01029,EXTRACTION OF CRUDE PETROLEUM AND NATURAL GAS,ONGC,ONGC.NS,Y
ONE 97 COMMUNICATIONS LTD,ONE 97 COMMUNICATIONS LTD,INE982J01020,INFORMATION SERVICE ACTIVITIES,PAYTM,PAYTM.NS,Y
PREMIER ENERGIES LTD,PREMIER ENERGIES LTD.,INE0BS701011,MANUFACTURE OF ELECTRICAL EQUIPMENT,PREMIERENE,PREMIERENE.NS,Y
SHRIRAM FINANCE LIMITED,SHRIRAM FINANCE LIMITEDFV-2,INE721A01047,BANKING & FINANCE,SHRIRAMFIN,SHRIRAMFIN.NS,Y
SIEMENS LTD,SIEMENS LTD.,INE003A01024,MANUFACTURE OF ELECTRICAL EQUIPMENT,SIEMENS,SIEMENS.NS,Y
SUN PHARMACEUTICAL INDUSTRIES LTD,SUN PHARMACEUTICAL INDUSTRIES LTD.FV-1,INE044A01036,"MANUFACTURE OF PHARMACEUTICALS, MEDICINAL CHEMICAL AND BOTANICAL PRODUCTS",SUNPHARMA,SUNPHARMA.NS,Y
SWIGGY LIMITED,SWIGGY LIMITED,INE00H001014,INFORMATION SERVICE ACTIVITIES,SWIGGY,SWIGGY.NS,Y
TATA CONSULTANCY SERVICES LTD,TATA CONSULTANCY SERVICES LTD.,INE467B01029,"COMPUTER PROGRAMMING, CONSULTANCY AND RELATED ACTIVITIES",TCS,TCS.NS,Y
TATA CONSUMER PRODUCTS LIMITED,TATA CONSUMER PRODUCTS LIMITED,INE192A01025,MANUFACTURE OF FOOD PRODUCTS,TATACONSUM,TATACONSUM.NS,Y
TATA MOTORS LTD,TATA MOTORS LTD. FV-2,INE1TAE01010,"MANUFACTURE OF MOTOR VEHICLES, TRAILERS AND SEMI-TRAILERS",TMCV,TMCV.NS,Y
TATA STEEL LTD,TATA STEEL LTD.FV-1,INE081A01020,MANUFACTURE OF BASIC METALS,TATASTEEL,TATASTEEL.NS,Y
TECH MAHINDRA LTD,TECH MAHINDRA LTD.FV-5,INE669C01036,"COMPUTER PROGRAMMING, CONSULTANCY AND RELATED ACTIVITIES",TECHM,TECHM.NS,Y
TITAN INDUSTRIES LTD,TITAN INDUSTRIES LTD.FV-1,INE280A01028,OTHER MANUFACTURING,TITAN,TITAN.NS,Y
TRENT LTD,TRENT LTD.FV-1,INE849A01020,"RETAIL TRADE, EXCEPT OF MOTOR VEHICLES AND MOTORCYCLES",TRENT,TRENT.NS,Y
ULTRATECH CEMENT LTD,ULTRATECH CEMENT LTD.,INE481G01011,MANUFACTURE OF OTHER NON-METALLIC MINERAL PRODUCTS,ULTRACEMCO,ULTRACEMCO.NS,Y
ADANI PORTS AND SPECIAL ECONOMIC ZONE LTD,ADANI PORTS AND SPECIAL ECONOMIC ZONE LTD,INE742F01042,WAREHOUSING AND SUPPORT ACTIVITIES FOR TRANSPORTATION,ADANIPORTS,ADANIPORTS.NS,Y
AMBER ENTERPRISES INDIA LIMITED,AMBER ENTERPRISES INDIA LIMITED,INE371P01015,MANUFACTURE OF MACHINERY AND EQUIPMENT N.E.C.,AMBER,AMBER.NS,Y
ASHOK LEYLAND LTD,ASHOK LEYLAND LTD.,INE208A01029,"MANUFACTURE OF MOTOR VEHICLES, TRAILERS AND SEMI-TRAILERS",ASHOKLEY,ASHOKLEY.NS,Y
ASK AUTOMOTIVE LTD,ASK AUTOMOTIVE LTD,INE491J01022,MANUFACTURE OF OTHER TRANSPORT EQUIPMENT,ASKAUTOLTD,ASKAUTOLTD.NS,Y
ASTRAL POLY TECHNIK LTD,ASTRAL POLY TECHNIK LTD,INE006I01046,MANUFACTURE OF RUBBER AND PLASTICS PRODUCTS,ASTRAL,ASTRAL.NS,Y
ATUL LIMITED,ATUL LIMITED,INE100A01010,MANUFACTURE OF CHEMICALS AND CHEMICAL PRODUCTS,ATUL,ATUL.NS,Y
AU SMALL FINANCE BANK LIMITED,AU SMALL FINANCE BANK LIMITED,INE949L01017,BANKING & FINANCE,AUBANK,AUBANK.NS,Y
BANK OF INDIA,BANK OF INDIA,INE084A01016,BANKING & FINANCE,BANKINDIA,BANKINDIA.NS,Y
BHARAT PETROLEUM CORPORATION LTD,BHARAT PETROLEUM CORPORATION LTD.,INE029A01011,MANUFACTURE OF COKE AND REFINED PETROLEUM PRODUCTS,BPCL,BPCL.NS,Y
BSE LIMITED,BSE LIMITED,INE118H01025,BANKING & FINANCE,BSE,BSE.NS,Y
CHOLAMANDALAM FINANCIAL HOLDINGS LTD,CHOLAMANDALAM FINANCIAL HOLDINGS LTD,INE149A01033,BANKING & FINANCE,CHOLAHLDNG,CHOLAHLDNG.NS,Y
CIPLA LTD,CIPLA LTD.,INE059A01026,"MANUFACTURE OF PHARMACEUTICALS, MEDICINAL CHEMICAL AND BOTANICAL PRODUCTS",CIPLA,CIPLA.NS,Y
COFORGE LTD,COFORGE LTD.FV-2,INE591G01025,"COMPUTER PROGRAMMING, CONSULTANCY AND RELATED ACTIVITIES",COFORGE,COFORGE.NS,Y
CORONA REMEDIES LIMITED,CORONA REMEDIES LIMITED,INE02ZQ01018,"MANUFACTURE OF PHARMACEUTICALS, MEDICINAL CHEMICAL AND BOTANICAL PRODUCTS",CORONA,CORONA.NS,Y
CRAFTSMAN AUTOMATION LTD,CRAFTSMAN AUTOMATION LTD.,INE00LO01017,"MANUFACTURE OF MOTOR VEHICLES, TRAILERS AND SEMI-TRAILERS",CRAFTSMAN,CRAFTSMAN.NS,Y
ENDURANCE TECHNOLOGIES LIMITED,ENDURANCE TECHNOLOGIES LIMITED,INE913H01037,MANUFACTURE OF OTHER TRANSPORT EQUIPMENT,ENDURANCE,ENDURANCE.NS,Y
GODREJ CONSUMER PRODUCTS LTD,GODREJ CONSUMER PRODUCTS LTD,INE102D01028,MANUFACTURE OF CHEMICALS AND CHEMICAL PRODUCTS,GODREJCP,GODREJCP.NS,Y
ICICI PRUDENTIAL ASSET MANAGEMENT COMPANY LTD,ICICI PRUDENTIAL ASSET MANAGEMENT COMPANY LTD.,INE346A01027,BANKING & FINANCE,ICICIAMC,ICICIAMC.NS,Y
INDIA SHELTER FINANCE CORPORATION LIMITED,INDIA SHELTER FINANCE CORPORATION LIMITED,INE922K01024,BANKING & FINANCE,INDIASHLTR,INDIASHLTR.NS,Y
INDIAN BANK,INDIAN BANK,INE562A01011,BANKING & FINANCE,INDIANB,INDIANB.NS,Y
INDUS IND BANK LTD,INDUS IND BANK LTD.,INE095A01012,BANKING & FINANCE,INDUSINDBK,INDUSINDBK.NS,Y
JIO FINANCIAL SERVICES LIMITED,JIO FINANCIAL SERVICES LIMITED,INE758E01017,BANKING & FINANCE,JIOFIN,JIOFIN.NS,Y
JK CEMENT LIMITED,JK CEMENT LIMITED,INE823G01014,MANUFACTURE OF OTHER NON-METALLIC MINERAL PRODUCTS,JKCEMENT,JKCEMENT.NS,Y
JSW STEEL LTD,JSW STEEL LTD.FV-1,INE019A01038,MANUFACTURE OF BASIC METALS,JSWSTEEL,JSWSTEEL.NS,Y
KARUR VYSYA BANK,KARUR VYSYA BANKFV-2,INE036D01028,BANKING & FINANCE,KARURVYSYA,KARURVYSYA.NS,Y
NAVIN FLUORINE INTERNATIONAL LIMITED,NAVIN FLUORINE INTERNATIONAL LIMITED,INE048G01026,MANUFACTURE OF CHEMICALS AND CHEMICAL PRODUCTS,NAVINFLUOR,NAVINFLUOR.NS,Y
PERSISTENT SYSTEMS LIMITED,PERSISTENT SYSTEMS LIMITEDFV-5,INE262H01021,"COMPUTER PROGRAMMING, CONSULTANCY AND RELATED ACTIVITIES",PERSISTENT,PERSISTENT.NS,Y
PI INDUSTRIES LIMITED,PI INDUSTRIES LIMITED,INE603J01030,MANUFACTURE OF CHEMICALS AND CHEMICAL PRODUCTS,PIIND,PIIND.NS,Y
POWER GRID CORPN. OF INDIA LTD,POWER GRID CORPN. OF INDIA LTD.,INE752E01010,"ELECTRICITY, GAS, STEAM AND AIR CONDITIONING SUPPLY",POWERGRID,POWERGRID.NS,Y
RAINBOW CHILDRENS MEDICARE LIMITED,RAINBOW CHILDRENS MEDICARE LIMITED,INE961O01016,HUMAN HEALTH ACTIVITIES,RAINBOW,RAINBOW.NS,Y
SAMVARDHANA MOTHERSON INTERNATIONAL LTD,SAMVARDHANA MOTHERSON INTERNATIONAL LTD,INE775A01035,"MANUFACTURE OF MOTOR VEHICLES, TRAILERS AND SEMI-TRAILERS",MOTHERSON,MOTHERSON.NS,Y
SCHAEFFLER INDIA LIMITED,SCHAEFFLER INDIA LIMITED,INE513A01022,MANUFACTURE OF MACHINERY AND EQUIPMENT N.E.C.,SCHAEFFLER,SCHAEFFLER.NS,Y
TATA MOTORS PASSENGER VEHICLES LIMITED,TATA MOTORS PASSENGER VEHICLES LIMITED,INE155A01022,"MANUFACTURE OF MOTOR VEHICLES, TRAILERS AND SEMI-TRAILERS",TMPV,TMPV.NS,Y
TENNECO CLEAN AIR INDIA LIMITED,TENNECO CLEAN AIR INDIA LIMITED,INE19RI01016,"MANUFACTURE OF MOTOR VEHICLES, TRAILERS AND SEMI-TRAILERS",TENNIND,TENNIND.NS,Y
THE RAMCO CEMENTS LIMITED,THE RAMCO CEMENTS LIMITED,INE331A01037,MANUFACTURE OF OTHER NON-METALLIC MINERAL PRODUCTS,RAMCOCEM,RAMCOCEM.NS,Y
THERMAX LTD,THERMAX LTD.,INE152A01029,"MANUFACTURE OF FABRICATED METAL PRODUCTS, EXCEPT MACHINERY AND EQUIPMENT",THERMAX,THERMAX.NS,Y
TORRENT PHARMACEUTICALS LIMITED,TORRENT PHARMACEUTICALS LIMITED,INE685A01028,"MANUFACTURE OF PHARMACEUTICALS, MEDICINAL CHEMICAL AND BOTANICAL PRODUCTS",TORNTPHARM,TORNTPHARM.NS,Y
UNO MINDA LIMITED,UNO MINDA LIMITED,INE405E01023,"MANUFACTURE OF MOTOR VEHICLES, TRAILERS AND SEMI-TRAILERS",UNOMINDA,UNOMINDA.NS,Y
VARUN BEVERAGES LTD,VARUN BEVERAGES LTDFV-5FV-2,INE200M01039,MANUFACTURE OF BEVERAGES,VBL,VBL.NS,Y
ZF COMMERCIAL VEHICLE CONTROL SYSTEMS INDIA LTD,ZF COMMERCIAL VEHICLE CONTROL SYSTEMS INDIA LTD,INE342J01019,"MANUFACTURE OF MOTOR VEHICLES, TRAILERS AND SEMI-TRAILERS",ZFCVINDIA,ZFCVINDIA.NS,Y
ABB INDIA LIMITED,ABB INDIA LIMITED,INE117A01022,MANUFACTURE OF ELECTRICAL EQUIPMENT,ABB,ABB.NS,Y
AVENUE SUPERMARTS LTD,AVENUE SUPERMARTS LTD.,INE192R01011,"RETAIL TRADE, EXCEPT OF MOTOR VEHICLES AND MOTORCYCLES",DMART,DMART.NS,Y
BANK OF BARODA,BANK OF BARODAFV-2,INE028A01039,BANKING & FINANCE,BANKBARODA,BANKBARODA.NS,Y
BHARAT HEAVY ELECTRICALS LTD,BHARAT HEAVY ELECTRICALS LTD.FV-2,INE257A01026,"MANUFACTURE OF FABRICATED METAL PRODUCTS, EXCEPT MACHINERY AND EQUIPMENT",BHEL,BHEL.NS,Y
CANARA BANK,CANARA BANKFV-2,INE476A01022,BANKING & FINANCE,CANBK,CANBK.NS,Y
CG POWER AND INDUSTRIAL SOLUTIONS LIMITED,CG POWER AND INDUSTRIAL SOLUTIONS LIMITED,INE067A01029,MANUFACTURE OF ELECTRICAL EQUIPMENT,CGPOWER,CGPOWER.NS,Y
CHOLAMANDALAM INVESTMENT & FINANCE COMPANY LIMITED,CHOLAMANDALAM INVESTMENT & FINANCE COMPANY LIMITEDFV-2,INE121A01024,BANKING & FINANCE,CHOLAFIN,CHOLAFIN.NS,Y
CUMMINS INDIA LTD,CUMMINS INDIA LTD.,INE298A01020,MANUFACTURE OF MACHINERY AND EQUIPMENT N.E.C.,CUMMINSIND,CUMMINSIND.NS,Y
HDFC ASSET MANAGEMENT COMPANY LTD,HDFC ASSET MANAGEMENT COMPANY LTD,INE127D01025,BANKING & FINANCE,HDFCAMC,HDFCAMC.NS,Y
HINDUSTAN ZINC LTD,HINDUSTAN ZINC LTD. FV-2,INE267A01025,MANUFACTURE OF BASIC METALS,HINDZINC,HINDZINC.NS,Y
INDIAN HOTELS CO. LTD,INDIAN HOTELS CO. LTD.,INE053A01029,ACCOMMODATION,INDHOTEL,INDHOTEL.NS,Y
JSW ENERGY LIMITED,JSW ENERGY LIMITED,INE121E01018,"ELECTRICITY, GAS, STEAM AND AIR CONDITIONING SUPPLY",JSWENERGY,JSWENERGY.NS,Y
LG ELECTRONICS INDIA LIMITED,LG ELECTRONICS INDIA LIMITED,INE324D01010,"MANUFACTURE OF COMPUTER, ELECTRONIC AND OPTICAL PRODUCTS",LGEINDIA,LGEINDIA.NS,Y
LTIMINDTREE LIMITED,LTIMINDTREE LIMITED,INE214T01019,"COMPUTER PROGRAMMING, CONSULTANCY AND RELATED ACTIVITIES",LTM,LTM.NS,Y
MALCO ENERGY LIMITED,MALCO ENERGY LIMITED,INE704J01044,EXTRACTION OF CRUDE PETROLEUM AND NATURAL GAS,,,N
MUTHOOT FINANCE LIMITED,MUTHOOT FINANCE LIMITED,INE414G01012,BANKING & FINANCE,MUTHOOTFIN,MUTHOOTFIN.NS,Y
PIDILITE INDUSTRIES LTD,PIDILITE INDUSTRIES LTD.,INE318A01026,MANUFACTURE OF CHEMICALS AND CHEMICAL PRODUCTS,PIDILITIND,PIDILITIND.NS,Y
POWER FINANCE CORPORATION LTD,POWER FINANCE CORPORATION LTD.,INE134E01011,BANKING & FINANCE,PFC,PFC.NS,Y
SIEMENS ENERGY INDIA LIMITED,SIEMENS ENERGY INDIA LIMITED,INE1NPP01017,"ELECTRICITY, GAS, STEAM AND AIR CONDITIONING SUPPLY",ENRIN,ENRIN.NS,Y
SOLAR INDUSTRIES INDIA LIMITED,SOLAR INDUSTRIES INDIA LIMITED,INE343H01029,MANUFACTURE OF CHEMICALS AND CHEMICAL PRODUCTS,SOLARINDS,SOLARINDS.NS,Y
SONA BLW PRECISION FORGINGS LIMITED,SONA BLW PRECISION FORGINGS LIMITED,INE073K01018,"MANUFACTURE OF MOTOR VEHICLES, TRAILERS AND SEMI-TRAILERS",SONACOMS,SONACOMS.NS,Y
SUDEEP PHARMA LIMITED,SUDEEP PHARMA LIMITED,INE0QPI01025,"MANUFACTURE OF PHARMACEUTICALS, MEDICINAL CHEMICAL AND BOTANICAL PRODUCTS",SUDEEPPHRM,SUDEEPPHRM.NS,Y
TALWANDI SABO POWER LIMITED,TALWANDI SABO POWER LIMITED,INE694L01019,"ELECTRICITY, GAS, STEAM AND AIR CONDITIONING SUPPLY",,,N
TATA POWER CO. LTD,TATA POWER CO. LTD.FV-1,INE245A01021,"ELECTRICITY, GAS, STEAM AND AIR CONDITIONING SUPPLY",TATAPOWER,TATAPOWER.NS,Y
TVS MOTOR CO.LTD,TVS MOTOR CO.LTD,INE494B01023,MANUFACTURE OF OTHER TRANSPORT EQUIPMENT,TVSMOTOR,TVSMOTOR.NS,Y
UNITED SPIRITS LIMITED,UNITED SPIRITS LIMITED.FV-2,INE854D01024,MANUFACTURE OF BEVERAGES,UNITDSPR,UNITDSPR.NS,Y
VEDANTA ALUMINIUM METAL LIMITED,VEDANTA ALUMINIUM METAL LIMITED,INE1CDF01017,MANUFACTURE OF BASIC METALS,,,N
VEDANTA IRON AND STEEL LIMITED,VEDANTA IRON AND STEEL LIMITED,INE1CLE01013,MINING OF METAL ORES,,,N
VEDANTA LIMITED,VEDANTA LIMITED,INE205A01025,MANUFACTURE OF BASIC METALS,VEDL,VEDL.NS,Y
CESC LTD,CESC LTDFV-1,INE486A01021,"ELECTRICITY, GAS, STEAM AND AIR CONDITIONING SUPPLY",CESC,CESC.NS,Y
COAL INDIA LTD,COAL INDIA LTD.,INE522F01014,MINING OF COAL AND LIGNITE,COALINDIA,COALINDIA.NS,Y
CREDITACCESS GRAMEEN LIMITED,CREDITACCESS GRAMEEN LIMITED,INE741K01010,BANKING & FINANCE,CREDITACC,CREDITACC.NS,Y
ELIN ELECTRONICS LIMITED,ELIN ELECTRONICS LIMITED,INE050401020,MANUFACTURE OF ELECTRICAL EQUIPMENT,ELIN,ELIN.NS,Y
EQUITAS SMALL FINANCE BANK LTD,EQUITAS SMALL FINANCE BANK LTD.,INE063P01018,BANKING & FINANCE,EQUITASBNK,EQUITASBNK.NS,Y
GE VERNOVA T&D INDIA LTD,GE VERNOVA T&D INDIA LTD,INE200A01026,MANUFACTURE OF ELECTRICAL EQUIPMENT,GVT&D,GVT&D.NS,Y
HERO MOTOCORP LIMITED,HERO MOTOCORP LIMITED,INE158A01026,MANUFACTURE OF OTHER TRANSPORT EQUIPMENT,HEROMOTOCO,HEROMOTOCO.NS,Y
HITACHI ENERGY INDIA LTD,HITACHI ENERGY INDIA LTD.,INE07Y701011,MANUFACTURE OF ELECTRICAL EQUIPMENT,POWERINDIA,POWERINDIA.NS,Y
IPCA LABORATORIES LIMITED,IPCA LABORATORIES LIMITEDFV-1,INE571A01038,"MANUFACTURE OF PHARMACEUTICALS, MEDICINAL CHEMICAL AND BOTANICAL PRODUCTS",IPCALAB,IPCALAB.NS,Y
ITC HOTELS LTD,ITC HOTELS LTD,INE379A01028,ACCOMMODATION,ITCHOTELS,ITCHOTELS.NS,Y
MPHASIS LTD,MPHASIS LTD.,INE356A01018,"COMPUTER PROGRAMMING, CONSULTANCY AND RELATED ACTIVITIES",MPHASIS,MPHASIS.NS,Y
PB FINTECH LIMITED,PB FINTECH LIMITED,INE417T01026,INFORMATION SERVICE ACTIVITIES,POLICYBZR,POLICYBZR.NS,Y
PNB HOUSING FINANCE LIMITED,PNB HOUSING FINANCE LIMITED,INE572E01012,BANKING & FINANCE,PNBHOUSING,PNBHOUSING.NS,Y
RR KABEL LIMITED,RR KABEL LIMITED,INE777K01022,MANUFACTURE OF ELECTRICAL EQUIPMENT,RRKABEL,RRKABEL.NS,Y
UNION BANK OF INDIA,UNION BANK OF INDIA,INE692A01016,BANKING & FINANCE,UNIONBANK,UNIONBANK.NS,Y
CONTAINER CORPORATION OF INDIA LTD,CONTAINER CORPORATION OF INDIA LTD.FV-5,INE111A01025,LAND TRANSPORT AND TRANSPORT VIA PIPELINES,CONCOR,CONCOR.NS,Y
CROMPTON GREAVES CONSUMER ELECTRICALS LIMITED,CROMPTON GREAVES CONSUMER ELECTRICALS LIMITED,INE299U01018,MANUFACTURE OF ELECTRICAL EQUIPMENT,CROMPTON,CROMPTON.NS,Y
DABUR INDIA LTD,DABUR INDIA LTD.,INE016A01026,MANUFACTURE OF CHEMICALS AND CHEMICAL PRODUCTS,DABUR,DABUR.NS,Y
HAVELLS INDIA LTD,HAVELLS INDIA LTDFV-1,INE176B01034,MANUFACTURE OF ELECTRICAL EQUIPMENT,HAVELLS,HAVELLS.NS,Y
ICICI LOMBARD GENERAL INSURANCE COMPANY LTD,ICICI LOMBARD GENERAL INSURANCE COMPANY LTD,INE765G01017,BANKING & FINANCE,ICICIGI,ICICIGI.NS,Y
PAGE INDUSTRIES,PAGE INDUSTRIES,INE761H01022,MANUFACTURE OF WEARING APPAREL,PAGEIND,PAGEIND.NS,Y
S K F INDIA LTD,S K F INDIA LTD,INE640A01023,MANUFACTURE OF MACHINERY AND EQUIPMENT N.E.C.,SKFINDIA,SKFINDIA.NS,Y
SKF INDIA (INDUSTRIAL) LIMITED,SKF INDIA (INDUSTRIAL) LIMITED,INE2J8701016,MANUFACTURE OF MACHINERY AND EQUIPMENT N.E.C.,SKFINDUS,SKFINDUS.NS,Y
JUBILANT FOODWORKS LTD,JUBILANT FOODWORKS LTDFV-2,INE797F01020,FOOD AND BEVERAGE SERVICE ACTIVITIES,JUBLFOOD,JUBLFOOD.NS,Y
RBL BANK LIMITED,RBL BANK LIMITED,INE976G01028,BANKING & FINANCE,RBLBANK,RBLBANK.NS,Y
CLEAN MAX ENVIRO ENERGY SOLUTIONS LIMITED,CLEAN MAX ENVIRO ENERGY SOLUTIONS LIMITED,INE647U01026,"ELECTRICITY, GAS, STEAM AND AIR CONDITIONING SUPPLY",CLEANMAX,CLEANMAX.NS,Y
FRACTAL ANALYTICS LIMITED,FRACTAL ANALYTICS LIMITED,INE212S01015,"COMPUTER PROGRAMMING, CONSULTANCY AND RELATED ACTIVITIES",FRACTAL,FRACTAL.NS,Y
GO FASHION (INDIA) LTD,GO FASHION (INDIA) LTD.,INE0BJS01011,"RETAIL TRADE, EXCEPT OF MOTOR VEHICLES AND MOTORCYCLES",GOCOLORS,GOCOLORS.NS,Y
MULTI COMMODITY EXCHANGE OF (I) LTD. FV 5,MULTI COMMODITY EXCHANGE OF (I) LTD. FV 5FV-10FV-2,INE745G01043,BANKING & FINANCE,MCX,MCX.NS,Y
RADICO KHAITAN LIMITED,RADICO KHAITAN LIMITED,INE944F01028,MANUFACTURE OF BEVERAGES,RADICO,RADICO.NS,Y
SANSERA ENGINEERING LIMITED,SANSERA ENGINEERING LIMITED,INE953O01021,"MANUFACTURE OF MOTOR VEHICLES, TRAILERS AND SEMI-TRAILERS",SANSERA,SANSERA.NS,Y
TVS MOTOR CO. LTD - PREFERENCE SHARE,TVS MOTOR CO. LTD - PREFERENCE SHARE,INE494B04019,MANUFACTURE OF OTHER TRANSPORT EQUIPMENT,,,N
ACME SOLAR HOLDINGS LIMITED,ACME SOLAR HOLDINGS LIMITED,INE622W01025,CIVIL ENGINEERING,ACMESOLAR,ACMESOLAR.NS,Y
ADITYA BIRLA LIFESTYLE BRANDS LIMITED,ADITYA BIRLA LIFESTYLE BRANDS LIMITED,INE14LE01019,"RETAIL TRADE, EXCEPT OF MOTOR VEHICLES AND MOTORCYCLES",ABLBL,ABLBL.NS,Y
ANAND RATHI SHARE & STOCK BROKERS LTD,ANAND RATHI SHARE & STOCK BROKERS LTD.,INE549H01021,BANKING & FINANCE,ARSSBL,ARSSBL.NS,Y
BLUESTONE JEWELLERY AND LIFESTYLE LIMITED,BLUESTONE JEWELLERY AND LIFESTYLE LIMITED,INE304W01038,OTHER MANUFACTURING,BLUESTONE,BLUESTONE.NS,Y
CAN FIN HOMES LTD,CAN FIN HOMES LTD.,INE477A01020,HOUSING FINANCE,CANFINHOME,CANFINHOME.NS,Y
CAPRI GLOBAL CAPITAL LIMITED,CAPRI GLOBAL CAPITAL LIMITEDFV-1,INE180C01042,BANKING & FINANCE,CGCL,CGCL.NS,Y
CELLO WORLD LIMITED,CELLO WORLD LIMITED,INE0LMW01024,"WHOLESALE TRADE, EXCEPT OF MOTOR VEHICLES AND MOTORCYCLES",CELLO,CELLO.NS,Y
DIXON TECHNOLOGIES (INDIA) LTD,DIXON TECHNOLOGIES (INDIA) LTDFV-50,INE935N01020,"MANUFACTURE OF COMPUTER, ELECTRONIC AND OPTICAL PRODUCTS",DIXON,DIXON.NS,Y
IRB INFRASTRUCTURE DEVELOPERS LTD. FV 1,IRB INFRASTRUCTURE DEVELOPERS LTD. FV 1,INE821I01022,CIVIL ENGINEERING,IRB,IRB.NS,Y
JUBILANT PHARMOVA LIMITED,JUBILANT PHARMOVA LIMITED,INE700A01033,"MANUFACTURE OF PHARMACEUTICALS, MEDICINAL CHEMICAL AND BOTANICAL PRODUCTS",JUBLPHARMA,JUBLPHARMA.NS,Y
KRISHNA INSTITUTE OF MEDICAL SCIENCES LIMITED,KRISHNA INSTITUTE OF MEDICAL SCIENCES LIMITEDFV-2,INE967H01025,HUMAN HEALTH ACTIVITIES,KIMS,KIMS.NS,Y
LODHA DEVELOPERS LTD,LODHA DEVELOPERS LTD,INE670K01029,CONSTRUCTION OF BUILDINGS,LODHA,LODHA.NS,Y
NLC INDIA LIMITED,NLC INDIA LIMITED,INE589A01014,"ELECTRICITY, GAS, STEAM AND AIR CONDITIONING SUPPLY",NLCINDIA,NLCINDIA.NS,Y
ONESOURCE SPECIALTY PHARMA LTD,ONESOURCE SPECIALTY PHARMA LTD.,INE013P01021,SCIENTIFIC RESEARCH AND DEVELOPMENT,ONESOURCE,ONESOURCE.NS,Y
PATANJALI FOODS LIMITED,PATANJALI FOODS LIMITED,INE619A01035,MANUFACTURE OF FOOD PRODUCTS,PATANJALI,PATANJALI.NS,Y
POONAWALLA FINCORP LIMITED,POONAWALLA FINCORP LIMITED,INE511C01022,BANKING & FINANCE,POONAWALLA,POONAWALLA.NS,Y
SAFARI INDUSTRIES (INDIA) LIMITED,SAFARI INDUSTRIES (INDIA) LIMITED,INE429E01023,MANUFACTURE OF RUBBER AND PLASTICS PRODUCTS,SAFARI,SAFARI.NS,Y
SBI CARDS AND PAYMENT SERVICES LIMITED,SBI CARDS AND PAYMENT SERVICES LIMITED,INE018E01016,BANKING & FINANCE,SBICARD,SBICARD.NS,Y
SHEELA FOAM LTD,SHEELA FOAM LTD.,INE916U01025,MANUFACTURE OF FURNITURE,SFL,SFL.NS,Y
SHILPA MEDICARE LIMITED,SHILPA MEDICARE LIMITED,INE790G01031,"MANUFACTURE OF PHARMACEUTICALS, MEDICINAL CHEMICAL AND BOTANICAL PRODUCTS",SHILPAMED,SHILPAMED.NS,Y
STRIDES PHARMA SCIENCE LTD,STRIDES PHARMA SCIENCE LTD,INE939A01011,"MANUFACTURE OF PHARMACEUTICALS, MEDICINAL CHEMICAL AND BOTANICAL PRODUCTS",STAR,STAR.NS,Y
SWAN CORP LTD,SWAN CORP LTD,INE665A01038,MANUFACTURE OF TEXTILES,SWANCORP,SWANCORP.NS,Y
TVS SUPPLY CHAIN SOLUTIONS LIMITED,TVS SUPPLY CHAIN SOLUTIONS LIMITED,INE395N01027,LAND TRANSPORT AND TRANSPORT VIA PIPELINES,TVSSCS,TVSSCS.NS,Y
VOLTAS LTD,VOLTAS LTD.,INE226A01021,MANUFACTURE OF MACHINERY AND EQUIPMENT N.E.C.,VOLTAS,VOLTAS.NS,Y
WELSPUN LIVING LIMITED,WELSPUN LIVING LIMITED,INE192B01031,MANUFACTURE OF TEXTILES,WELSPUNLIV,WELSPUNLIV.NS,Y
ACUTAAS CHEMICALS LIMITED,ACUTAAS CHEMICALS LIMITED,INE00FF01025,MANUFACTURE OF CHEMICALS AND CHEMICAL PRODUCTS,ACUTAAS,ACUTAAS.NS,Y
EMMVEE PHOTOVOLTAIC POWER LTD,EMMVEE PHOTOVOLTAIC POWER LTD,INE1C6T01020,MANUFACTURE OF ELECTRICAL EQUIPMENT,EMMVEE,EMMVEE.NS,Y
EXIDE INDUSTRIES LTD,EXIDE INDUSTRIES LTD.,INE302A01020,MANUFACTURE OF ELECTRICAL EQUIPMENT,EXIDEIND,EXIDEIND.NS,Y
HINDUSTAN PETROLEUM CORPORATION LIMITED,HINDUSTAN PETROLEUM CORPORATION LIMITED,INE094A01015,MANUFACTURE OF COKE AND REFINED PETROLEUM PRODUCTS,HINDPETRO,HINDPETRO.NS,Y
INDIGO PAINTS LIMITED,INDIGO PAINTS LIMITED,INE09VQ01012,MANUFACTURE OF CHEMICALS AND CHEMICAL PRODUCTS,INDIGOPNTS,INDIGOPNTS.NS,Y
INNOVA CAPTAB LIMITED,INNOVA CAPTAB LIMITED,INE0DUT01020,"MANUFACTURE OF PHARMACEUTICALS, MEDICINAL CHEMICAL AND BOTANICAL PRODUCTS",INNOVACAP,INNOVACAP.NS,Y
JINDAL SAW LTD,JINDAL SAW LTD.,INE324A01032,MANUFACTURE OF BASIC METALS,JINDALSAW,JINDALSAW.NS,Y
BHARAT DYNAMICS LTD,BHARAT DYNAMICS LTD.FV-5,INE171Z01026,MANUFACTURE OF MACHINERY AND EQUIPMENT N.E.C.,BDL,BDL.NS,Y
CCL PRODUCTS (INDIA) LIMITED,CCL PRODUCTS (INDIA) LIMITED,INE421D01022,MANUFACTURE OF FOOD PRODUCTS,CCL,CCL.NS,Y
COROMANDEL INTERNATIONAL LTD,COROMANDEL INTERNATIONAL LTD.FV-1,INE169A01031,MANUFACTURE OF CHEMICALS AND CHEMICAL PRODUCTS,COROMANDEL,COROMANDEL.NS,Y
MANKIND PHARMA LTD,MANKIND PHARMA LTD.,INE634S01028,"WHOLESALE TRADE, EXCEPT OF MOTOR VEHICLES AND MOTORCYCLES",MANKIND,MANKIND.NS,Y
MARICO LTD,MARICO LTD.,INE196A01026,MANUFACTURE OF FOOD PRODUCTS,MARICO,MARICO.NS,Y
MAX FINANCIAL SERVICES LIMITED,MAX FINANCIAL SERVICES LIMITED,INE180A01020,BANKING & FINANCE,MFSL,MFSL.NS,Y
NATIONAL SECURITIES DEPOSITORY LIMITED,NATIONAL SECURITIES DEPOSITORY LIMITED,INE301O01023,BANKING & FINANCE,,,N
SAI LIFE SCIENCES LIMITED,SAI LIFE SCIENCES LIMITED,INE570L01029,"MANUFACTURE OF PHARMACEUTICALS, MEDICINAL CHEMICAL AND BOTANICAL PRODUCTS",SAILIFE,SAILIFE.NS,Y
SUNDARAM FINANCE LTD,SUNDARAM FINANCE LTD.,INE660A01013,BANKING & FINANCE,SUNDARMFIN,SUNDARMFIN.NS,Y
URBAN COMPANY LIMITED,URBAN COMPANY LIMITED,INE0CAZ01013,"OFFICE ADMINISTRATIVE, OFFICE SUPPORT AND OTHER BUSINESS SUPPORT ACTIVITIES",URBANCO,URBANCO.NS,Y
UTKARSH SMALL FINANCE BANK LIMITED,UTKARSH SMALL FINANCE BANK LIMITED,INE735W01017,BANKING & FINANCE,UTKARSHBNK,UTKARSHBNK.NS,Y
APL APOLLO TUBES LIMITED,APL APOLLO TUBES LIMITED,INE702C01027,MANUFACTURE OF BASIC METALS,APLAPOLLO,APLAPOLLO.NS,Y
BHARTI HEXACOM LIMITED,BHARTI HEXACOM LIMITED,INE343G01021,TELECOMMUNICATIONS,BHARTIHEXA,BHARTIHEXA.NS,Y
CITY UNION BANK LIMITED,CITY UNION BANK LIMITED,INE491A01021,BANKING & FINANCE,CUB,CUB.NS,Y
DELHIVERY LIMITED,DELHIVERY LIMITED,INE148O01028,LAND TRANSPORT AND TRANSPORT VIA PIPELINES,DELHIVERY,DELHIVERY.NS,Y
FEDERAL BANK LTD,FEDERAL BANK LTD.FV-2,INE171A01029,BANKING & FINANCE,FEDERALBNK,FEDERALBNK.NS,Y
L&T FINANCE LIMITED,L&T FINANCE LIMITED,INE498L01015,BANKING & FINANCE,LTF,LTF.NS,Y
NIPPON LIFE INDIA ASSET MANAGEMENT LIMITED,NIPPON LIFE INDIA ASSET MANAGEMENT LIMITED,INE298J01013,BANKING & FINANCE,NAM-INDIA,NAM-INDIA.NS,Y
POLYCAB INDIA LIMITED,POLYCAB INDIA LIMITED,INE455K01017,MANUFACTURE OF ELECTRICAL EQUIPMENT,POLYCAB,POLYCAB.NS,Y
TBO TEK LIMITED,TBO TEK LIMITED,INE673O01025,"TRAVEL AGENCY, TOUR OPERATOR AND OTHER RESERVATION SERVICE ACTIVITIES",TBOTEK,TBOTEK.NS,Y
WELSPUN CORP LIMITED,WELSPUN CORP LIMITED,INE191B01025,MANUFACTURE OF BASIC METALS,WELCORP,WELCORP.NS,Y
MANAPPURAM FINANCE LIMITED,MANAPPURAM FINANCE LIMITED,INE522D01027,BANKING & FINANCE,MANAPPURAM,MANAPPURAM.NS,Y
NATIONAL MINARAL DEVELOPMENT CORPORATION LIMITED,NATIONAL MINARAL DEVELOPMENT CORPORATION LIMITED,INE584A01023,MINING OF METAL ORES,NMDC,NMDC.NS,Y
SUPREME INDUSTRIES LTD FV 2,SUPREME INDUSTRIES LTD FV 2,INE195A01028,MANUFACTURE OF RUBBER AND PLASTICS PRODUCTS,SUPREMEIND,SUPREMEIND.NS,Y
UPL LIMITED,UPL LIMITED,INE628A01036,MANUFACTURE OF CHEMICALS AND CHEMICAL PRODUCTS,UPL,UPL.NS,Y
INFO EDGE (INDIA) LTD,INFO EDGE (INDIA) LTD.FV-2,INE663F01032,INFORMATION SERVICE ACTIVITIES,NAUKRI,NAUKRI.NS,Y
THYROCARE TECHNOLOGIES LIMITED,THYROCARE TECHNOLOGIES LIMITED,INE594H01019,HUMAN HEALTH ACTIVITIES,THYROCARE,THYROCARE.NS,Y
METRO BRANDS LIMITED,METRO BRANDS LIMITED,INE317I01021,"RETAIL TRADE, EXCEPT OF MOTOR VEHICLES AND MOTORCYCLES",METROBRAND,METROBRAND.NS,Y
PUNJAB NATIONAL BANK,PUNJAB NATIONAL BANKFV-2,INE160A01022,BANKING & FINANCE,PNB,PNB.NS,Y
AMBUJA CEMENTS LIMITED,AMBUJA CEMENTS LIMITED,INE079A01024,MANUFACTURE OF OTHER NON-METALLIC MINERAL PRODUCTS,AMBUJACEM,AMBUJACEM.NS,Y
BLUE STAR LTD,BLUE STAR LTD,INE472A01039,MANUFACTURE OF MACHINERY AND EQUIPMENT N.E.C.,BLUESTARCO,BLUESTARCO.NS,Y
COLGATE-PALMOLIVE (INDIA) LTD,COLGATE-PALMOLIVE (INDIA) LTD.,INE259A01022,MANUFACTURE OF CHEMICALS AND CHEMICAL PRODUCTS,COLPAL,COLPAL.NS,Y
GLAXOSMITHKLINE PHARMACEUTICALS LTD,GLAXOSMITHKLINE PHARMACEUTICALS LTD,INE159A01016,"MANUFACTURE OF PHARMACEUTICALS, MEDICINAL CHEMICAL AND BOTANICAL PRODUCTS",GLAXO,GLAXO.NS,Y
L&T TECHNOLOGY SERVICES LTD,L&T TECHNOLOGY SERVICES LTD,INE010V01017,"COMPUTER PROGRAMMING, CONSULTANCY AND RELATED ACTIVITIES",LTTS,LTTS.NS,Y
MAHINDRA & MAHINDRA FINANCIAL SERVICES LIMITED,MAHINDRA & MAHINDRA FINANCIAL SERVICES LIMITED,INE774D01024,BANKING & FINANCE,M&MFIN,M&MFIN.NS,Y
METROPOLIS HEALTHCARE LTD,METROPOLIS HEALTHCARE LTD,INE112L01020,HUMAN HEALTH ACTIVITIES,METROPOLIS,METROPOLIS.NS,Y
NHPC LTD,NHPC LTD.,INE848E01016,"ELECTRICITY, GAS, STEAM AND AIR CONDITIONING SUPPLY",NHPC,NHPC.NS,Y
RURAL ELECTRIFICATION CORPORATION LIMITED,RURAL ELECTRIFICATION CORPORATION LIMITED,INE020B01018,BANKING & FINANCE,RECLTD,RECLTD.NS,Y
SRF LIMITED,SRF LIMITED,INE647A01010,MANUFACTURE OF CHEMICALS AND CHEMICAL PRODUCTS,SRF,SRF.NS,Y
WIPRO LTD,WIPRO LTD.,INE075A01022,"COMPUTER PROGRAMMING, CONSULTANCY AND RELATED ACTIVITIES",WIPRO,WIPRO.NS,Y
EID PARRY INDIA LIMITED,EID PARRY INDIA LIMITED,INE126A01031,MANUFACTURE OF FOOD PRODUCTS,EIDPARRY,EIDPARRY.NS,Y
VISHAL MEGA MART LIMITED,VISHAL MEGA MART LIMITED,INE01EA01019,"WHOLESALE TRADE, EXCEPT OF MOTOR VEHICLES AND MOTORCYCLES",VMM,VMM.NS,Y
BALRAMPUR CHINI MILLS LTD,BALRAMPUR CHINI MILLS LTD.,INE119A01028,MANUFACTURE OF FOOD PRODUCTS,BALRAMCHIN,BALRAMCHIN.NS,Y
GOKALDAS EXPORTS LTD,GOKALDAS EXPORTS LTD.,INE887G01027,MANUFACTURE OF WEARING APPAREL,GOKEX,GOKEX.NS,Y
INTERNATIONAL GEMMOLOGICAL INSTITUTE (INDIA) LIMITED,INTERNATIONAL GEMMOLOGICAL INSTITUTE (INDIA) LIMITED,INE0Q9301021,"OTHER PROFESSIONAL, SCIENTIFIC AND TECHNICAL ACTIVITIES",IGIL,IGIL.NS,Y
SUNDRAM FASTENERS LTD,SUNDRAM FASTENERS LTD,INE387A01021,"MANUFACTURE OF MOTOR VEHICLES, TRAILERS AND SEMI-TRAILERS",SUNDRMFAST,SUNDRMFAST.NS,Y
UNITED BREWERIES LIMITED,UNITED BREWERIES LIMITED,INE686F01025,MANUFACTURE OF BEVERAGES,UBL,UBL.NS,Y
FORTIS HEALTHCARE LTD,FORTIS HEALTHCARE LTD,INE061F01013,HUMAN HEALTH ACTIVITIES,FORTIS,FORTIS.NS,Y
MOTHERSON SUMI WIRING INDIA LIMITED,MOTHERSON SUMI WIRING INDIA LIMITED,INE0FS801015,"MANUFACTURE OF MOTOR VEHICLES, TRAILERS AND SEMI-TRAILERS",MSUMI,MSUMI.NS,Y
NEULAND LABORATORIES LIMITED,NEULAND LABORATORIES LIMITED,INE794A01010,"MANUFACTURE OF PHARMACEUTICALS, MEDICINAL CHEMICAL AND BOTANICAL PRODUCTS",NEULANDLAB,NEULANDLAB.NS,Y
ADANI ENTERPRISES LIMITED,ADANI ENTERPRISES LIMITED,INE423A01024,"WHOLESALE TRADE, EXCEPT OF MOTOR VEHICLES AND MOTORCYCLES",ADANIENT,ADANIENT.NS,Y
AIA ENGINEERING LTD.FV -2,AIA ENGINEERING LTD.FV -2,INE212H01026,MANUFACTURE OF BASIC METALS,AIAENG,AIAENG.NS,Y
ALKEM LABORATORIES LIMITED,ALKEM LABORATORIES LIMITED,INE540L01014,"MANUFACTURE OF PHARMACEUTICALS, MEDICINAL CHEMICAL AND BOTANICAL PRODUCTS",ALKEM,ALKEM.NS,Y
AUROBINDO PHARMA LTD,AUROBINDO PHARMA LTD. FV-1,INE406A01037,"MANUFACTURE OF PHARMACEUTICALS, MEDICINAL CHEMICAL AND BOTANICAL PRODUCTS",AUROPHARMA,AUROPHARMA.NS,Y
BALKRISHNA INDUSTRIES LIMITED,BALKRISHNA INDUSTRIES LIMITED,INE787D01026,MANUFACTURE OF RUBBER AND PLASTICS PRODUCTS,BALKRISIND,BALKRISIND.NS,Y
BIOCON LTD,BIOCON LTD.,INE376G01013,"MANUFACTURE OF PHARMACEUTICALS, MEDICINAL CHEMICAL AND BOTANICAL PRODUCTS",BIOCON,BIOCON.NS,Y
BRIGADE ENTERPRISES,BRIGADE ENTERPRISES,INE791I01019,CONSTRUCTION OF BUILDINGS,BRIGADE,BRIGADE.NS,Y
COCHIN SHIPYARD LIMITED FV 5,COCHIN SHIPYARD LIMITED FV 5,INE704P01025,MANUFACTURE OF OTHER TRANSPORT EQUIPMENT,COCHINSHIP,COCHINSHIP.NS,Y
DEEPAK FERTILISERS & PETROCHEMICALS,DEEPAK FERTILISERS & PETROCHEMICALS,INE501A01019,MANUFACTURE OF CHEMICALS AND CHEMICAL PRODUCTS,DEEPAKFERT,DEEPAKFERT.NS,Y
DOMS INDUSTRIES LIMITED,DOMS INDUSTRIES LIMITED,INE321T01012,OTHER MANUFACTURING,DOMS,DOMS.NS,Y
ESCORTS KUBOTA LIMITED,ESCORTS KUBOTA LIMITED,INE042A01014,MANUFACTURE OF MACHINERY AND EQUIPMENT N.E.C.,ESCORTS,ESCORTS.NS,Y
FIRSTSOURCE SOLUTIONS LTD,FIRSTSOURCE SOLUTIONS LTD.,INE684F01012,INFORMATION SERVICE ACTIVITIES,FSL,FSL.NS,Y
GODREJ PROPERTIES LIMITED,GODREJ PROPERTIES LIMITEDFV-5,INE484J01027,CONSTRUCTION OF BUILDINGS,GODREJPROP,GODREJPROP.NS,Y
HDB FINANCIAL SERVICES LIMITED,HDB FINANCIAL SERVICES LIMITED,INE756I01012,BANKING & FINANCE,HDBFS,HDBFS.NS,Y
IDFC FIRST BANK LTD,IDFC FIRST BANK LTD,INE092T01019,BANKING & FINANCE,IDFCFIRSTB,IDFCFIRSTB.NS,Y
INDRAPRASTHA GAS LTD,INDRAPRASTHA GAS LTD.FV-2,INE203G01027,"ELECTRICITY, GAS, STEAM AND AIR CONDITIONING SUPPLY",IGL,IGL.NS,Y
INDUS TOWERS LIMITED,INDUS TOWERS LIMITED,INE121J01017,TELECOMMUNICATIONS,INDUSTOWER,INDUSTOWER.NS,Y
JUPITER LIFE LINE HOSPITALS LTD,JUPITER LIFE LINE HOSPITALS LTD.,INE682M01012,HUMAN HEALTH ACTIVITIES,JLHL,JLHL.NS,Y
LAURUS LABS LTD SPLIT FV 2,LAURUS LABS LTD SPLIT FV 2,INE947Q01028,"MANUFACTURE OF PHARMACEUTICALS, MEDICINAL CHEMICAL AND BOTANICAL PRODUCTS",LAURUSLABS,LAURUSLABS.NS,Y
LUMAX AUTO TECHNOLOGIES LIMITED,LUMAX AUTO TECHNOLOGIES LIMITED,INE872H01027,MANUFACTURE OF ELECTRICAL EQUIPMENT,LUMAXTECH,LUMAXTECH.NS,Y
LUPIN LTD,LUPIN LTD.FV-2,INE326A01037,"MANUFACTURE OF PHARMACEUTICALS, MEDICINAL CHEMICAL AND BOTANICAL PRODUCTS",LUPIN,LUPIN.NS,Y
NATIONAL ALUMINIUM CO LTD,NATIONAL ALUMINIUM CO LTD FV-5,INE139A01034,MANUFACTURE OF BASIC METALS,NATIONALUM,NATIONALUM.NS,Y
OBEROI REALITY LTD,OBEROI REALITY LTD.,INE093I01010,CONSTRUCTION OF BUILDINGS,OBEROIRLTY,OBEROIRLTY.NS,Y
OIL INDIA LTD,OIL INDIA LTD.,INE274J01014,EXTRACTION OF CRUDE PETROLEUM AND NATURAL GAS,OIL,OIL.NS,Y
PCBL CHEMICAL LIMITED,PCBL CHEMICAL LIMITED,INE602A01031,MANUFACTURE OF COKE AND REFINED PETROLEUM PRODUCTS,PCBL,PCBL.NS,Y
PRESTIGE ESTATES PROJECTS LIMITED,PRESTIGE ESTATES PROJECTS LIMITED,INE811K01011,CONSTRUCTION OF BUILDINGS,PRESTIGE,PRESTIGE.NS,Y
STEEL AUTHORITY OF INDIA LTD,STEEL AUTHORITY OF INDIA LTD.,INE114A01011,MANUFACTURE OF BASIC METALS,SAIL,SAIL.NS,Y
THE PHOENIX MILLS LIMITED,THE PHOENIX MILLS LIMITED,INE211B01039,REAL ESTATE ACTIVITIES,PHOENIXLTD,PHOENIXLTD.NS,Y
TORRENT POWER LTD,TORRENT POWER LTD,INE813H01021,"ELECTRICITY, GAS, STEAM AND AIR CONDITIONING SUPPLY",TORNTPOWER,TORNTPOWER.NS,Y
TUBE INVESTMENTS OF INDIA LIMITED,TUBE INVESTMENTS OF INDIA LIMITED,INE974X01010,MANUFACTURE OF BASIC METALS,TIINDIA,TIINDIA.NS,Y
AKUMS DRUGS & PHARMACEUTICALS LTD,AKUMS DRUGS & PHARMACEUTICALS LTD,INE09XN01023,"MANUFACTURE OF PHARMACEUTICALS, MEDICINAL CHEMICAL AND BOTANICAL PRODUCTS",AKUMS,AKUMS.NS,Y
DEEPAK NITRITE LIMITED,DEEPAK NITRITE LIMITED,INE288B01029,MANUFACTURE OF CHEMICALS AND CHEMICAL PRODUCTS,DEEPAKNTR,DEEPAKNTR.NS,Y
GAJA ALTERNATIVE ASSET MANAGEMENT LIMITED,GAJA ALTERNATIVE ASSET MANAGEMENT LIMITED,INE18UN01038,BANKING & FINANCE,,,N
HORIZON INDUSTRIAL PARKS LIMITED,HORIZON INDUSTRIAL PARKS LIMITED,INE685T01010,REAL ESTATE ACTIVITIES,,,N
MEDI ASSIST HEALTHCARE SERVICES LIMITED,MEDI ASSIST HEALTHCARE SERVICES LIMITED,INE456Z01021,"OFFICE ADMINISTRATIVE, OFFICE SUPPORT AND OTHER BUSINESS SUPPORT ACTIVITIES",MEDIASSIST,MEDIASSIST.NS,Y
NATIONAL STOCK EXCHANGE,NATIONAL STOCK EXCHANGE,INE721I01024,BANKING & FINANCE,,,N
NEPHROCARE HEALTH SERVICES LTD,NEPHROCARE HEALTH SERVICES LTD,INE428V01029,HUMAN HEALTH ACTIVITIES,NEPHROPLUS,NEPHROPLUS.NS,Y
NIVA BUPA HEALTH INSURANCE COMPANY LTD,NIVA BUPA HEALTH INSURANCE COMPANY LTD,INE995S01015,BANKING & FINANCE,NIVABUPA,NIVABUPA.NS,Y
TATA CAPITAL LIMITED,TATA CAPITAL LIMITED,INE976I01016,BANKING & FINANCE,TATACAP,TATACAP.NS,Y
ICICI PRUDENTIAL LIFE INSURANCE COMPANY LIMITED,ICICI PRUDENTIAL LIFE INSURANCE COMPANY LIMITED,INE726G01019,BANKING & FINANCE,ICICIPRULI,ICICIPRULI.NS,Y
AADHAR HOUSING FINANCE LIMITED,AADHAR HOUSING FINANCE LIMITED,INE883F01010,BANKING & FINANCE,AADHARHFC,AADHARHFC.NS,Y
ARAGEN LIFE SCIENCES LIMITED,ARAGEN LIFE SCIENCES LIMITED,INE483I01013,SCIENTIFIC RESEARCH AND DEVELOPMENT,,,N
FABINDIA LTD,FABINDIA LTD.,INE768M01027,"RETAIL TRADE, EXCEPT OF MOTOR VEHICLES AND MOTORCYCLES",,,N
FEDBANK FINANCIAL SERVICES LIMITED,FEDBANK FINANCIAL SERVICES LIMITED,INE007N01010,BANKING & FINANCE,FEDFINA,FEDFINA.NS,Y
GLOBAL HEALTH LIMITED,GLOBAL HEALTH LIMITED,INE474Q01031,HUMAN HEALTH ACTIVITIES,MEDANTA,MEDANTA.NS,Y
PAISALO DIGITAL LTD,PAISALO DIGITAL LTD.FV-1,INE420C01059,BANKING & FINANCE,PAISALO,PAISALO.NS,Y
PUNJAB AND SIND BANK,PUNJAB AND SIND BANK,INE608A01012,BANKING & FINANCE,PSB,PSB.NS,Y
UCO BANK,UCO BANK,INE691A01018,BANKING & FINANCE,UCOBANK,UCOBANK.NS,Y
BOSCH LIMITED,BOSCH LIMITED,INE323A01026,WHOLESALE AND RETAIL TRADE AND REPAIR OF MOTOR VEHICLES AND MOTORCYCLES,BOSCHLTD,BOSCHLTD.NS,Y
CARBORUNDUM UNIVERSAL LTD,CARBORUNDUM UNIVERSAL LTD.,INE120A01034,MANUFACTURE OF OTHER NON-METALLIC MINERAL PRODUCTS,CARBORUNIV,CARBORUNIV.NS,Y
CEAT LIMITED,CEAT LIMITED,INE482A01020,MANUFACTURE OF RUBBER AND PLASTICS PRODUCTS,CEATLTD,CEATLTD.NS,Y
FINOLEX CABLES LTD,FINOLEX CABLES LTD.,INE235A01022,MANUFACTURE OF ELECTRICAL EQUIPMENT,FINCABLES,FINCABLES.NS,Y
FSN E-COMMERCE VENTURES LTD,FSN E-COMMERCE VENTURES LTD.,INE388Y01029,"RETAIL TRADE, EXCEPT OF MOTOR VEHICLES AND MOTORCYCLES",NYKAA,NYKAA.NS,Y
SHREE CEMENT LTD,SHREE CEMENT LTD.,INE070A01015,MANUFACTURE OF OTHER NON-METALLIC MINERAL PRODUCTS,SHREECEM,SHREECEM.NS,Y
VARDHMAN TEXTILES LTD,VARDHMAN TEXTILES LTDFV-2,INE825A01020,MANUFACTURE OF TEXTILES,VTL,VTL.NS,Y
BIMA SUGAM INDIA FEDERATION,BIMA SUGAM INDIA FEDERATION,INE1HNJ01017,BANKING & FINANCE,,,N
CAUVERY BASIN REFINERY AND PETROCHEMICALS LIMITED,CAUVERY BASIN REFINERY AND PETROCHEMICALS LIMITED,INE0Q8W01017,MANUFACTURE OF COKE AND REFINED PETROLEUM PRODUCTS,,,N
LENSKART SOLUTIONS LIMITED,LENSKART SOLUTIONS LIMITED,INE956O01016,OTHER MANUFACTURING,LENSKART,LENSKART.NS,Y
Reliance Industries Limited,Reliance Industries Limited,INE002A01018,,RELIANCE,RELIANCE.NS,Y
